"","PLACE","TOT_POP","PCT_U18","PC_18_65","PCT_O65","MALE_FEM"
"1","Adams village                                                                         ",1753,25.3,56.2,18.5,79
"2","Adams Center CDP                                                                      ",1675,30.4,58.7,10.9,87
"3","Addison village                                                                       ",1842,28.8,56,15.2,84
"4","Airmont CDP                                                                           ",7835,25,65.3,9.7,89
"5","Akron village                                                                         ",2906,24.7,57.1,18.2,81.1
"6","Albany city                                                                           ",101082,17.8,66.8,15.3,84.2
"7","Albertson CDP                                                                         ",5166,18.9,61.5,19.6,91.8
"8","Albion village                                                                        ",5863,26.1,56.8,17.1,85.2
"9","Alden village                                                                         ",2457,25,60.6,14.4,88.3
"10","Alexandria Bay village                                                                ",1194,20.8,56.2,23,83.3
"11","Alfred village                                                                        ",4559,3.2,94,2.9,136.8
"12","Allegany village                                                                      ",1980,20.8,62.7,16.5,89.1
"13","Altamont village                                                                      ",1519,28.1,62.1,9.8,89.9
"14","Altona CDP                                                                            ",1003,9.9,84.6,5.5,527.8
"15","Amenia CDP                                                                            ",1057,24.8,60,15.2,86.2
"16","Amityville village                                                                    ",9286,20.3,61.8,17.9,87.3
"17","Amsterdam city                                                                        ",20714,22.4,54.1,23.5,79.9
"18","Andover village                                                                       ",1125,27.8,56.4,15.8,88.4
"19","Angola village                                                                        ",2231,27.8,58.9,13.3,86.3
"20","Angola on the Lake CDP                                                                ",1719,24.4,62.5,13,91
"21","Apalachin CDP                                                                         ",1208,28.6,61.8,9.5,97.3
"22","Aquebogue CDP                                                                         ",2060,23.3,59.5,17.2,94.7
"23","Arcade village                                                                        ",2081,31.3,57,11.7,87.2
"24","Ardsley village                                                                       ",4272,22.4,62.3,15.4,84.4
"25","Arlington CDP                                                                         ",11948,16.6,71.4,12.1,87.1
"26","Armonk CDP                                                                            ",2745,24.1,65.1,10.7,97.1
"27","Athens village                                                                        ",1708,25.5,57.3,17.2,88.3
"28","Atlantic Beach village                                                                ",1933,19.3,65.6,15.1,92.8
"29","Attica village                                                                        ",2630,26.2,59.1,14.7,87.7
"30","Auburn city                                                                           ",31258,23.3,58.4,18.3,93.4
"31","Averill Park CDP                                                                      ",1656,25.9,64.8,9.3,95.1
"32","Avoca village                                                                         ",1033,30.2,55.3,14.5,86.3
"33","Avon village                                                                          ",2995,26.1,59.7,14.2,84.2
"34","Babylon village                                                                       ",12249,22.3,64.8,12.9,88.8
"35","Bainbridge village                                                                    ",1550,29.4,56.8,13.7,86.7
"36","Baldwin CDP                                                                           ",22719,23.8,63,13.2,88.1
"37","Baldwin Harbor CDP                                                                    ",7899,22.2,67.8,10.1,93
"38","Baldwinsville village                                                                 ",6591,27,59.4,13.6,84.1
"39","Ballston Spa village                                                                  ",4937,26.3,61.1,12.7,88.6
"40","Balmville CDP                                                                         ",2963,22.9,62.6,14.5,94.3
"41","Bardonia CDP                                                                          ",4487,26,64.6,9.4,87
"42","Barnum Island CDP                                                                     ",2624,19.3,71.2,9.5,99.1
"43","Batavia city                                                                          ",16310,24.5,56.5,19,82.9
"44","Bath village                                                                          ",5801,23.8,58.1,18,86
"45","Bayport CDP                                                                           ",7702,26.3,64.1,9.6,89.7
"46","Bay Shore CDP                                                                         ",21279,24.9,63.4,11.7,90.2
"47","Bayville village                                                                      ",7193,20.3,67.6,12.1,96.2
"48","Baywood CDP                                                                           ",7351,25.4,67,7.5,95.5
"49","Beacon city                                                                           ",13243,25.7,61.5,12.8,96
"50","Beaverdam Lake-Salisbury Mills CDP                                                    ",2354,28.5,62.2,9.3,100.5
"51","Bedford CDP                                                                           ",1828,23.8,65.6,10.6,102.2
"52","Bellerose village                                                                     ",1101,26.6,61.8,11.6,91
"53","Bellmore CDP                                                                          ",16438,21.6,67.2,11.2,93.7
"54","Bellport village                                                                      ",2572,22.8,61.8,15.4,90.8
"55","Belmont village                                                                       ",1006,24.4,58.5,17.1,93.1
"56","Bergen village                                                                        ",1103,24.8,64.3,11,98.1
"57","Bethpage CDP                                                                          ",15761,20.9,65.8,13.3,93.2
"58","Big Flats CDP                                                                         ",2658,26.3,63.6,10.2,95.4
"59","Big Flats Airport CDP                                                                 ",2248,30.1,62,7.9,92.5
"60","Billington Heights CDP                                                                ",1729,24.2,62.2,13.5,95.5
"61","Binghamton city                                                                       ",53008,20.1,60.8,19.1,82.7
"62","Black River village                                                                   ",1349,28.1,61.7,10.2,94.4
"63","Blasdell village                                                                      ",2900,24.4,61,14.6,89.4
"64","Blauvelt CDP                                                                          ",4838,21.6,64.6,13.8,90
"65","Blue Point CDP                                                                        ",4230,24,64.5,11.5,93.8
"66","Bohemia CDP                                                                           ",9556,23.7,64.9,11.4,93
"67","Bolivar village                                                                       ",1261,32.2,53.2,14.6,80
"68","Boonville village                                                                     ",2220,23.5,52.8,23.7,78.3
"69","Brasher Falls-Winthrop CDP                                                            ",1271,25.7,57.8,16.4,83.7
"70","Brentwood CDP                                                                         ",45218,26.7,66.2,7,94.4
"71","Brewerton CDP                                                                         ",2954,27,62.2,10.8,90
"72","Brewster village                                                                      ",1566,19.5,67,13.5,94.1
"73","Brewster Hill CDP                                                                     ",2226,27.3,61.8,10.9,98.2
"74","Briarcliff Manor village                                                              ",7070,19.4,69.3,11.3,81.7
"75","Bridgehampton CDP                                                                     ",1997,24,58.8,17.2,96.1
"76","Bridgeport CDP                                                                        ",2107,30.5,60.7,8.8,87.3
"77","Brighton CDP                                                                          ",34455,18.2,62.1,19.7,81
"78","Brightwaters village                                                                  ",3265,25.3,62.7,11.9,90.2
"79","Brinckerhoff CDP                                                                      ",2756,27,66.1,6.9,98.5
"80","Broadalbin village                                                                    ",1397,25.1,56.3,18.6,82.1
"81","Brockport village                                                                     ",8749,15.5,77.3,7.2,90.8
"82","Brocton village                                                                       ",1387,31.4,54.4,14.3,84.9
"83","Bronxville village                                                                    ",6028,21.8,62.3,15.9,79
"84","Brookhaven CDP                                                                        ",3118,24.7,63.1,12.3,98.1
"85","Brookville village                                                                    ",3716,10.9,83.3,5.8,85.8
"86","Brownville village                                                                    ",1138,27.7,59.4,12.9,93.6
"87","Buchanan village                                                                      ",1970,21.5,62.8,15.7,91.7
"88","Buffalo city                                                                          ",328123,24.2,60.9,14.8,82.5
"89","Cairo CDP                                                                             ",1273,21.9,56.4,21.7,79.7
"90","Calcium CDP                                                                           ",2465,36.9,59.6,3.5,99
"91","Caledonia village                                                                     ",2262,25.6,60.7,13.7,86.5
"92","Calverton CDP                                                                         ",4759,18.1,52.2,29.6,85.8
"93","Cambridge village                                                                     ",1906,25,55,20,80.6
"94","Camden village                                                                        ",2552,25.4,58.7,15.9,88
"95","Camillus village                                                                      ",1150,23.5,62.7,13.8,89.7
"96","Canajoharie village                                                                   ",2278,25.6,54.7,19.7,82
"97","Canandaigua city                                                                      ",10725,22.3,60.4,17.3,81.9
"98","Canastota village                                                                     ",4673,25.2,59,15.8,84.1
"99","Canisteo village                                                                      ",2421,27.6,56.8,15.5,85.2
"100","Canton village                                                                        ",6379,13.5,75.1,11.4,99.8
"101","Carle Place CDP                                                                       ",5107,21.1,63.1,15.8,94.1
"102","Carmel Hamlet CDP                                                                     ",4800,22.7,67.8,9.5,95.2
"103","Carthage village                                                                      ",4344,30.6,56.1,13.3,84.2
"104","Castile village                                                                       ",1078,29.8,57,13.3,88.8
"105","Castleton-on-Hudson village                                                           ",1491,25.2,56.5,18.4,70.9
"106","Catskill village                                                                      ",4690,24.9,56.4,18.7,79.1
"107","Cattaraugus village                                                                   ",1100,29.5,55.1,15.4,82.8
"108","Cayuga Heights village                                                                ",3457,13.9,72.1,14,94.8
"109","Cazenovia village                                                                     ",3007,17.3,69.9,12.7,58
"110","Cedarhurst village                                                                    ",5716,20.4,61.7,17.9,86.1
"111","Celoron village                                                                       ",1232,22.2,60.2,17.5,88.2
"112","Centereach CDP                                                                        ",26720,27.5,65.6,6.9,95.3
"113","Center Moriches CDP                                                                   ",5987,25.6,61.6,12.8,92.8
"114","Centerport CDP                                                                        ",5333,20.6,67.4,11.9,97
"115","Central Islip CDP                                                                     ",26028,29.5,63.9,6.6,93.9
"116","Central Square village                                                                ",1671,27.3,56.8,15.9,77.9
"117","Central Valley CDP                                                                    ",1929,26,64.7,9.2,93.9
"118","Champlain village                                                                     ",1273,24.1,60.3,15.6,89
"119","Chatham village                                                                       ",1920,23.6,59.2,17.1,91.1
"120","Cheektowaga CDP                                                                       ",84387,19.6,61.7,18.7,86
"121","Chester village                                                                       ",3270,22.7,67.5,9.8,96.2
"122","Chestnut Ridge village                                                                ",7517,23.2,68,8.7,92.8
"123","Chittenango village                                                                   ",4734,30,59.9,10.1,87.1
"124","Churchville village                                                                   ",1731,26.3,61.1,12.7,81.5
"125","Clarence Center CDP                                                                   ",1376,29.1,60.5,10.3,82.9
"126","Clark Mills CDP                                                                       ",1303,23.9,62.1,14,88.6
"127","Claverack-Red Mills CDP                                                               ",1110,19.6,60.2,20.2,92.7
"128","Clayton village                                                                       ",2160,25.1,57.4,17.5,82.1
"129","Clifton Springs village                                                               ",2175,23.4,56.6,20,81.2
"130","Clinton village                                                                       ",2238,23.5,60,16.5,85.3
"131","Clintondale CDP                                                                       ",1394,25.8,64.8,9.4,96.6
"132","Clyde village                                                                         ",2409,26.9,56.6,16.5,86.7
"133","Cobleskill village                                                                    ",5268,15.1,70.7,14.2,79.9
"134","Cohoes city                                                                           ",16825,23.6,57.9,18.5,81
"135","Cold Spring village                                                                   ",1998,19.6,60.2,20.3,79.8
"136","Cold Spring Harbor CDP                                                                ",4789,22.4,64.5,13.1,91.5
"137","Colonie village                                                                       ",8019,23.5,63.2,13.3,89.4
"138","Commack CDP                                                                           ",36124,22.5,69,8.5,95.2
"139","Congers CDP                                                                           ",8003,25.6,66.7,7.7,93.3
"140","Constantia CDP                                                                        ",1140,27.1,63.3,9.6,98.8
"141","Cooperstown village                                                                   ",2180,18.9,54.4,26.7,72
"142","Copiague CDP                                                                          ",20769,22.8,66.2,10.9,95.4
"143","Coram CDP                                                                             ",30111,27.1,64.6,8.3,91.6
"144","Corinth village                                                                       ",2760,26.9,55.8,17.3,86.3
"145","Corning city                                                                          ",11938,23.1,57.7,19.1,79.1
"146","Cornwall on Hudson village                                                            ",3093,23.9,60.1,16,86.5
"147","Cortland city                                                                         ",19801,19.3,67.2,13.6,77.8
"148","Cortland West CDP                                                                     ",1270,28.4,59.2,12.4,94.2
"149","Country Knolls CDP                                                                    ",2287,28.7,66.1,5.2,95.1
"150","Coxsackie village                                                                     ",2789,24.5,58.3,17.2,83.5
"151","Croton-on-Hudson village                                                              ",7018,22,63.5,14.5,88.4
"152","Crown Heights CDP                                                                     ",3200,26.8,65,8.2,96.7
"153","Cuba village                                                                          ",1690,27.1,54.9,18,75.2
"154","Cumberland Head CDP                                                                   ",1698,23.3,65.7,11,96.8
"155","Cutchogue CDP                                                                         ",2627,20.8,56.2,23,86.6
"156","Dannemora village                                                                     ",4005,8.9,87,4.1,686
"157","Dansville village                                                                     ",5002,26.3,57.9,15.8,85.3
"158","Deer Park CDP                                                                         ",28840,21.6,68.1,10.4,91.6
"159","Delevan village                                                                       ",1214,32,55.8,12.2,88.8
"160","Delhi village                                                                         ",3064,13,77,10.1,120.4
"161","Delmar CDP                                                                            ",8360,24.7,57.7,17.6,83.9
"162","Depew village                                                                         ",17673,21.8,64.4,13.8,88.9
"163","Deposit village                                                                       ",1936,29.2,52.7,18.1,84
"164","De Witt CDP                                                                           ",8244,18.8,68.5,12.7,114.2
"165","Dexter village                                                                        ",1030,32,56,11.9,80.4
"166","Dix Hills CDP                                                                         ",25849,25.3,68,6.7,95.4
"167","Dobbs Ferry village                                                                   ",9940,23.9,60.3,15.8,83.9
"168","Dolgeville village                                                                    ",2452,27,53.5,19.4,81.6
"169","Dover Plains CDP                                                                      ",1847,24.3,52.1,23.7,84.3
"170","Dryden village                                                                        ",1908,27.7,62.3,10,90.2
"171","Dundee village                                                                        ",1588,27.1,57.9,15,86.3
"172","Dunkirk city                                                                          ",13989,25.1,56,18.8,83.7
"173","East Aurora village                                                                   ",6647,24,56.6,19.4,80.4
"174","Eastchester CDP                                                                       ",18537,18.9,62.2,18.9,83.4
"175","East Farmingdale CDP                                                                  ",4510,22.9,67.1,10,96.4
"176","East Glenville CDP                                                                    ",6518,22.7,57.8,19.5,88.2
"177","East Greenbush CDP                                                                    ",3784,25.1,65.7,9.2,90.8
"178","East Hampton village                                                                  ",1402,12.4,57.3,30.2,86.3
"179","East Hampton North CDP                                                                ",2780,19.9,61.7,18.5,84.5
"180","East Hills village                                                                    ",6746,24.6,62.2,13.3,92.6
"181","East Islip CDP                                                                        ",14325,25.6,64.5,10,90.9
"182","East Ithaca CDP                                                                       ",2152,19.2,72.4,8.4,99
"183","East Massapequa CDP                                                                   ",19550,22.6,65.3,12.1,89.4
"184","East Meadow CDP                                                                       ",36909,22.3,64.6,13.2,102.9
"185","East Middletown CDP                                                                   ",4974,25.4,59.7,15,83.4
"186","East Moriches CDP                                                                     ",4021,27,59.7,13.4,92
"187","East Northport CDP                                                                    ",20411,23.9,65.3,10.8,93.1
"188","East Norwich CDP                                                                      ",2698,21.7,65.5,12.8,92.5
"189","East Patchogue CDP                                                                    ",20195,23.8,60.8,15.4,87.7
"190","East Quogue CDP                                                                       ",4372,20.7,58.6,20.7,90.7
"191","East Rochester village                                                                ",6932,22.2,62.8,15,84.2
"192","East Rockaway village                                                                 ",10152,21.7,64.2,14.1,89
"193","East Shoreham CDP                                                                     ",5461,29.3,64.6,6.2,93.9
"194","East Syracuse village                                                                 ",3343,22.4,60.6,16.9,85.5
"195","East Williston village                                                                ",2515,22.8,61,16.3,88.2
"196","Eatons Neck CDP                                                                       ",1499,19.5,70.9,9.6,101.5
"197","Eden CDP                                                                              ",3088,26.5,62,11.5,94.8
"198","Elbridge village                                                                      ",1219,26,62.1,11.9,93.6
"199","Ellenville village                                                                    ",4243,29.8,55.6,14.6,86.1
"200","Elma Center CDP                                                                       ",2354,21.6,64.4,14,95.9
"201","Elmira city                                                                           ",33724,26,59,15,90.6
"202","Elmira Heights village                                                                ",4359,23.2,57.3,19.5,80.5
"203","Elmont CDP                                                                            ",28612,21.1,63.4,15.6,94.4
"204","Elmsford village                                                                      ",3938,24.7,62.8,12.5,92.8
"205","Elwood CDP                                                                            ",10916,22.1,68.8,9.1,97
"206","Endicott village                                                                      ",13531,20.9,61.5,17.6,82.1
"207","Endwell CDP                                                                           ",12602,21,62.1,16.9,88.7
"208","Fairmount CDP                                                                         ",12266,21.9,61.3,16.7,87.4
"209","Fairport village                                                                      ",5943,25.8,62.8,11.3,90.9
"210","Fairview CDP                                                                          ",4811,23.2,62.7,14.1,89.9
"211","Falconer village                                                                      ",2653,22.1,60.5,17.4,87.5
"212","Farmingdale village                                                                   ",8022,19.7,66.8,13.5,93.6
"213","Farmingville CDP                                                                      ",14842,28.9,64.7,6.4,95.4
"214","Fayetteville village                                                                  ",4248,22.1,63.5,14.4,83.6
"215","Firthcliffe CDP                                                                       ",4427,26.1,60.7,13.2,89.3
"216","Fishkill village                                                                      ",1957,14.3,55,30.7,75
"217","Flanders CDP                                                                          ",3231,28.7,61.2,10.1,92.7
"218","Floral Park village                                                                   ",15947,22.4,61.7,15.9,86.8
"219","Florida village                                                                       ",2497,26.7,60.7,12.6,86.7
"220","Flower Hill village                                                                   ",4490,23.1,61.6,15.3,91.4
"221","Fonda village                                                                         ",1007,24.8,60,15.2,106.3
"222","Forest Home CDP                                                                       ",1125,28.2,67.4,4.4,98.5
"223","Fort Drum CDP                                                                         ",11578,23.9,76,0.1,256.3
"224","Fort Edward village                                                                   ",3561,28.2,59.8,12,86.9
"225","Fort Montgomery CDP                                                                   ",1450,24.9,64.8,10.3,104.3
"226","Fort Plain village                                                                    ",2416,26.5,54.5,19,84.8
"227","Fort Salonga CDP                                                                      ",9176,23,68.2,8.8,96.5
"228","Frankfort village                                                                     ",2693,23.3,57.2,19.5,85.4
"229","Franklin Square CDP                                                                   ",28205,19.7,60.9,19.5,86.3
"230","Franklinville village                                                                 ",1739,29.6,53,17.4,80.7
"231","Fredonia village                                                                      ",10436,17.5,71,11.6,78.7
"232","Freeport village                                                                      ",39894,24.2,65.4,10.4,90.9
"233","Frewsburg CDP                                                                         ",1817,26,55.8,18.2,88.5
"234","Friendship CDP                                                                        ",1423,32.4,52.9,14.7,93.2
"235","Fulton city                                                                           ",12929,26.9,56.5,16.7,82.5
"236","Gang Mills CDP                                                                        ",2738,27.3,58.2,14.5,84.6
"237","Garden City village                                                                   ",21686,20.5,63,16.6,85.2
"238","Garden City Park CDP                                                                  ",7437,20.3,59.7,20,88
"239","Garden City South CDP                                                                 ",4073,18.9,62,19.2,88.2
"240","Gardnertown CDP                                                                       ",4209,24,61.6,14.4,92.5
"241","Gasport CDP                                                                           ",1336,25.4,56.4,18.1,85.1
"242","Gates-North Gates CDP                                                                 ",14995,21.3,64.5,14.2,86.5
"243","Geneseo village                                                                       ",7187,9.9,84.2,6,60.1
"244","Geneva city                                                                           ",14143,21.1,62.6,16.2,86.3
"245","Glasco CDP                                                                            ",1538,22.2,62.4,15.4,84.7
"246","Glen Cove city                                                                        ",24149,20.2,63.1,16.7,88.4
"247","Glen Head CDP                                                                         ",4488,20,63.6,16.4,90.2
"248","Glens Falls city                                                                      ",15023,24.8,60,15.2,80
"249","Glens Falls North CDP                                                                 ",7978,24.6,59.5,15.9,83.5
"250","Glenwood Landing CDP                                                                  ",3407,20.7,63.6,15.7,91.6
"251","Gloversville city                                                                     ",16656,25,55.2,19.8,80
"252","Golden's Bridge CDP                                                                   ",1589,23.5,67.4,9.1,89.1
"253","Goshen village                                                                        ",5255,21.4,65.1,13.5,103.2
"254","Gouverneur village                                                                    ",4604,29.5,56.7,13.8,84.2
"255","Gowanda village                                                                       ",2901,24.6,54.7,20.8,77.6
"256","Granville village                                                                     ",2646,25.9,53.7,20.4,77.4
"257","Great Neck village                                                                    ",8745,21.8,60.8,17.4,88.4
"258","Great Neck Estates village                                                            ",2790,24.9,59,16.1,89.2
"259","Great Neck Plaza village                                                              ",5897,10,65.2,24.9,73.4
"260","Greece CDP                                                                            ",15632,22.3,61.9,15.8,86.6
"261","Greene village                                                                        ",1812,27.1,55.5,17.4,83
"262","Green Island village                                                                  ",2490,22,62.1,15.9,89.8
"263","Greenlawn CDP                                                                         ",13208,22.7,63.6,13.7,86
"264","Greenport village                                                                     ",2070,23.7,58.1,18.2,83.4
"265","Greenport West CDP                                                                    ",1614,16.4,49.9,33.7,74.2
"266","Greenville CDP                                                                        ",9528,22.6,65.5,11.9,85.8
"267","Greenwich village                                                                     ",1961,27.7,59.6,12.6,86.2
"268","Greenwood Lake village                                                                ",3208,26.5,62.1,11.4,95.8
"269","Groton village                                                                        ",2398,28.3,57,14.7,77.5
"270","Hagaman village                                                                       ",1377,24.1,58.8,17.1,91.4
"271","Halesite CDP                                                                          ",2687,22.8,65.2,11.9,95.1
"272","Hamburg village                                                                       ",10442,26.4,58.9,14.8,81.2
"273","Hamilton village                                                                      ",3790,8.8,82.7,8.5,99.4
"274","Hampton Bays CDP                                                                      ",7893,19.8,59.6,20.5,89.6
"275","Hampton Manor CDP                                                                     ",2600,21.4,62.4,16.2,83.5
"276","Hancock village                                                                       ",1330,27.4,56.2,16.3,82.4
"277","Harriman village                                                                      ",2288,23.9,66.2,9.9,89.2
"278","Harris Hill CDP                                                                       ",4577,22.2,62,15.8,91.6
"279","Harrison village                                                                      ",23308,18.1,68,13.9,84.4
"280","Hartsdale CDP                                                                         ",9587,17.7,67.2,15.1,83.9
"281","Hastings-on-Hudson village                                                            ",8000,21.6,61,17.5,84
"282","Hauppauge CDP                                                                         ",19750,22.5,70.6,6.9,96.7
"283","Haverstraw village                                                                    ",9438,30.4,60.3,9.3,89.2
"284","Haviland CDP                                                                          ",3605,24,65.3,10.7,97.3
"285","Hawthorne CDP                                                                         ",4764,23.9,64.2,11.9,95.6
"286","Head of the Harbor village                                                            ",1354,22,69.6,8.3,103.1
"287","Hempstead village                                                                     ",49453,23.8,67.7,8.5,83.5
"288","Herkimer village                                                                      ",7945,19.4,57.6,23,78.7
"289","Herricks CDP                                                                          ",4097,20.4,59.6,20,89
"290","Hewlett CDP                                                                           ",6620,21.4,63.4,15.2,89.7
"291","Hewlett Harbor village                                                                ",1193,18.9,63.5,17.5,93.8
"292","Hicksville CDP                                                                        ",40174,20.8,64.4,14.8,94.3
"293","Highland CDP                                                                          ",4492,22.4,61.9,15.7,84.7
"294","Highland Falls village                                                                ",3937,22.5,62.6,14.9,90.5
"295","Highland Mills CDP                                                                    ",2576,29.5,64.9,5.6,96.3
"296","Hillcrest CDP                                                                         ",6447,28.1,61.6,10.3,87.4
"297","Hillside Lake CDP                                                                     ",1692,31.4,62,6.6,96.8
"298","Hilton village                                                                        ",5216,32.1,60.4,7.6,90.5
"299","Holbrook CDP                                                                          ",25273,29.3,64.6,6.1,92.4
"300","Holland CDP                                                                           ",1288,29.4,59.2,11.3,94.2
"301","Holley village                                                                        ",1890,26.8,59.9,13.3,88.8
"302","Holtsville CDP                                                                        ",14972,28.6,65.8,5.6,94.8
"303","Homer village                                                                         ",3476,24.9,58.5,16.7,82.8
"304","Honeoye Falls village                                                                 ",2340,23.1,62.7,14.1,86.8
"305","Hoosick Falls village                                                                 ",3490,26.4,56.5,17.1,84
"306","Hopewell Junction CDP                                                                 ",1786,25.4,63.5,11.1,96.3
"307","Hornell city                                                                          ",9877,28.5,55.5,16,81.6
"308","Horseheads village                                                                    ",6802,21.3,56.9,21.8,80.8
"309","Horseheads North CDP                                                                  ",3003,27.7,61.5,10.8,89.9
"310","Houghton CDP                                                                          ",1740,13.7,77.1,9.2,67.3
"311","Hudson city                                                                           ",8034,23.9,56.6,19.5,94.5
"312","Hudson Falls village                                                                  ",7651,26,60.1,14,83.2
"313","Huntington CDP                                                                        ",18243,21.6,64.8,13.6,89.6
"314","Huntington Bay village                                                                ",1521,23.1,64.6,12.3,97.6
"315","Huntington Station CDP                                                                ",28247,23.8,65.5,10.7,93.7
"316","Hurley CDP                                                                            ",4644,24.2,63.3,12.5,96
"317","Ilion village                                                                         ",8888,28.3,54,17.7,82.6
"318","Inwood CDP                                                                            ",7767,22.8,60.8,16.4,80
"319","Irondequoit CDP                                                                       ",52322,19.5,57.3,23.3,83.1
"320","Irvington village                                                                     ",6348,23.3,63.5,13.2,88
"321","Islandia village                                                                      ",2769,26.5,69.6,3.9,94.6
"322","Island Park village                                                                   ",4860,20.9,65.3,13.8,86.4
"323","Islip CDP                                                                             ",18924,24.4,66.4,9.2,91.6
"324","Islip Terrace CDP                                                                     ",5530,25.6,66.3,8.2,94.5
"325","Ithaca city                                                                           ",29541,10.1,82.2,7.7,106.9
"326","Jamesport CDP                                                                         ",1532,21.7,57.7,20.6,97.4
"327","Jamestown city                                                                        ",34681,25.7,57.1,17.2,83.2
"328","Jamestown West CDP                                                                    ",2633,21,56.4,22.6,83.7
"329","Jefferson Heights CDP                                                                 ",1512,16.2,49.9,33.9,67.8
"330","Jefferson Valley-Yorktown CDP                                                         ",14118,24.4,61.8,13.8,88
"331","Jericho CDP                                                                           ",13141,21.7,66.4,11.9,94.7
"332","Johnson City village                                                                  ",16890,19.3,58.6,22.1,82.8
"333","Johnstown city                                                                        ",9058,24.5,55.9,19.6,81
"334","Jordan village                                                                        ",1325,30.4,56.1,13.5,85.9
"335","Keeseville village                                                                    ",1854,27.2,61.7,11.1,88.7
"336","Kenmore village                                                                       ",17180,23.3,60.2,16.6,81.2
"337","Kensington village                                                                    ",1104,22.7,55.5,21.7,80.7
"338","Kerhonkson CDP                                                                        ",1629,23,57.5,19.6,89.3
"339","Kinderhook village                                                                    ",1293,24.7,59,16.2,85.3
"340","Kings Park CDP                                                                        ",17773,20.3,66.6,13.1,93.6
"341","Kings Point village                                                                   ",4843,19,68,13,123.2
"342","Kingston city                                                                         ",23095,21.9,59.4,18.7,81.5
"343","Kiryas Joel village                                                                   ",7437,63,34.4,2.7,122.5
"344","Lackawanna city                                                                       ",20585,22.9,59.4,17.8,85
"345","Lake Carmel CDP                                                                       ",8489,28.1,63.8,8.1,95.1
"346","Lake Erie Beach CDP                                                                   ",4509,28.7,61.7,9.7,94.9
"347","Lake Grove village                                                                    ",9612,25.5,65.9,8.6,92.5
"348","Lake Katrine CDP                                                                      ",1998,20.9,67.8,11.3,92.2
"349","Lake Luzerne-Hadley CDP                                                               ",2042,25.2,59,15.8,89.6
"350","Lake Placid village                                                                   ",2485,20.9,63.4,15.7,86.5
"351","Lake Ronkonkoma CDP                                                                   ",18997,25.8,63,11.2,90.4
"352","Lake Success village                                                                  ",2484,18.2,54.9,26.9,77.4
"353","Lakeview CDP                                                                          ",5476,25.1,63.7,11.2,79.2
"354","Lakewood village                                                                      ",3564,23.8,59.8,16.4,83.6
"355","Lancaster village                                                                     ",11940,22.7,60.9,16.5,84
"356","Lansing village                                                                       ",3281,20.6,71.4,7.9,93.2
"357","Larchmont village                                                                     ",6181,24.2,63,12.8,87.1
"358","Latham CDP                                                                            ",10131,21.2,63.2,15.6,84.4
"359","Lattingtown village                                                                   ",1859,21.5,63,15.5,97.8
"360","Laurel CDP                                                                            ",1094,25.5,55.9,18.6,86.1
"361","Laurel Hollow village                                                                 ",1748,25.1,61.7,13.3,93.8
"362","Lawrence village                                                                      ",6513,25.4,57.7,17,88
"363","Le Roy village                                                                        ",4974,25.8,57.2,17,82.9
"364","Levittown CDP                                                                         ",53286,23.1,66.1,10.8,93.4
"365","Lewiston village                                                                      ",3048,19.8,56.2,24,79.2
"366","Liberty village                                                                       ",4128,25.8,55.1,19.1,79.7
"367","Lido Beach CDP                                                                        ",2786,16.7,64,19.3,90.2
"368","Lima village                                                                          ",2165,27,64.1,8.9,83.2
"369","Lime Lake-Machias CDP                                                                 ",1269,26.2,52.5,21.4,84.4
"370","Lincoln Park CDP                                                                      ",2457,17,58.4,24.5,79.5
"371","Lindenhurst village                                                                   ",26879,24,65.2,10.7,92.3
"372","Little Falls city                                                                     ",5829,21.8,49.5,28.7,78.5
"373","Little Valley village                                                                 ",1188,26.5,59,14.5,107.4
"374","Liverpool village                                                                     ",2624,22.9,60.8,16.3,80.9
"375","Livingston Manor CDP                                                                  ",1482,31.6,54.5,14,82.4
"376","Livonia village                                                                       ",1434,30.1,57.6,12.3,86.4
"377","Lloyd Harbor village                                                                  ",3343,23.9,65.2,10.9,101.2
"378","Lockport city                                                                         ",24426,25.5,58.5,16.1,83.6
"379","Locust Valley CDP                                                                     ",3963,20.6,64.7,14.7,90.6
"380","Long Beach city                                                                       ",33510,17.7,63.7,18.6,87.5
"381","Lorenz Park CDP                                                                       ",1811,18.2,57,24.7,81.1
"382","Loudonville CDP                                                                       ",10822,23,63.1,14,91.4
"383","Lowville village                                                                      ",3632,26,55.7,18.2,80.6
"384","Lynbrook village                                                                      ",19208,20.4,62.5,17.1,84.4
"385","Lyncourt CDP                                                                          ",4516,17.6,60.9,21.5,80.9
"386","Lyndon CDP                                                                            ",4593,24.2,59.2,16.7,89.8
"387","Lyons village                                                                         ",4280,26.9,58,15.1,83.1
"388","Macedon village                                                                       ",1400,29.1,63.5,7.4,100
"389","McGraw village                                                                        ",1074,28.6,56.9,14.5,81.3
"390","Mahopac CDP                                                                           ",7755,26.3,66.2,7.5,95.5
"391","Malone village                                                                        ",6777,24.3,56.1,19.6,74.3
"392","Malverne village                                                                      ",9054,22,61.7,16.3,87.5
"393","Mamaroneck village                                                                    ",17325,19.9,63.9,16.2,87.8
"394","Manchester village                                                                    ",1598,21.2,54.9,24,85.8
"395","Manhasset CDP                                                                         ",7718,21,62.5,16.5,83.7
"396","Manhasset Hills CDP                                                                   ",3722,21,64.3,14.8,92.9
"397","Manlius village                                                                       ",4764,25.4,61.9,12.7,84.6
"398","Manorhaven village                                                                    ",5672,19.1,70.8,10,95.4
"399","Manorville CDP                                                                        ",6198,26.3,60.4,13.3,99.1
"400","Marathon village                                                                      ",1107,31.2,56.5,12.4,88.6
"401","Marcellus village                                                                     ",1840,26,58.6,15.4,85.1
"402","Marlboro CDP                                                                          ",2200,23,62.9,14.1,98.6
"403","Massapequa CDP                                                                        ",22018,22.2,65.5,12.3,92.4
"404","Massapequa Park village                                                               ",18044,21.9,65.3,12.9,93
"405","Massena village                                                                       ",11719,25.2,57.4,17.4,81
"406","Mastic CDP                                                                            ",13778,35.2,59.3,5.6,93.8
"407","Mastic Beach CDP                                                                      ",10293,31.3,58.6,10.1,94.7
"408","Mattituck CDP                                                                         ",3902,23.6,57.1,19.3,86
"409","Mattydale CDP                                                                         ",6418,22.5,60,17.5,83.8
"410","Maybrook village                                                                      ",2802,31.3,60,8.7,94.8
"411","Mayville village                                                                      ",1636,23.8,61.9,14.3,99.2
"412","Mechanicville city                                                                    ",5249,22.5,56.6,20.8,80
"413","Medford CDP                                                                           ",21274,30.2,63.4,6.4,93.9
"414","Medina village                                                                        ",6686,27.4,55.1,17.5,78.4
"415","Melrose Park CDP                                                                      ",2091,23.1,57.5,19.4,86
"416","Melville CDP                                                                          ",12586,24.8,67.2,8,96.9
"417","Menands village                                                                       ",4333,14.4,64,21.6,78.8
"418","Merrick CDP                                                                           ",23042,24.2,65,10.7,92.8
"419","Mexico village                                                                        ",1555,27.5,58.5,14.1,86.8
"420","Middleburgh village                                                                   ",1436,25.1,56.2,18.7,80.7
"421","Middle Island CDP                                                                     ",7848,25.3,63.4,11.3,91.6
"422","Middleport village                                                                    ",1876,26.5,57.7,15.8,85.8
"423","Middletown city                                                                       ",24160,26.1,59.8,14.2,87.6
"424","Millbrook village                                                                     ",1339,19.9,58,22,79.6
"425","Miller Place CDP                                                                      ",9315,30.3,62.8,6.9,95.7
"426","Milton CDP                                                                            ",1892,26.5,67.5,6,101.6
"427","Milton CDP                                                                            ",1140,25.8,59.7,14.5,101
"428","Mineola village                                                                       ",18994,18.6,64.8,16.6,90.5
"429","Minetto CDP                                                                           ",1252,31,57.9,11.1,91.2
"430","Mineville-Witherbee CDP                                                               ",1740,25,61.6,13.4,123.5
"431","Minoa village                                                                         ",3745,29.3,58.1,12.6,84.9
"432","Mohawk village                                                                        ",2986,22.6,59.2,18.1,77.6
"433","Monroe village                                                                        ",6672,27.7,62.7,9.6,92
"434","Monsey CDP                                                                            ",13986,49.3,44.2,6.5,99.7
"435","Montauk CDP                                                                           ",3001,18.1,65.4,16.5,100.2
"436","Montebello village                                                                    ",2950,26.1,66.7,7.2,91.5
"437","Montgomery village                                                                    ",2696,29.3,60.6,10.1,92.2
"438","Monticello village                                                                    ",6597,25.7,59,15.2,97.6
"439","Montour Falls village                                                                 ",1845,21.8,50.9,27.3,70.2
"440","Moravia village                                                                       ",1559,27.3,53.2,19.5,76.2
"441","Morrisonville CDP                                                                     ",1742,27.1,62.7,10.2,88.4
"442","Morrisville village                                                                   ",2732,7.7,88.1,4.2,129.3
"443","Mount Ivy CDP                                                                         ",6013,21.8,70.6,7.6,91.7
"444","Mount Kisco village                                                                   ",9108,19.1,68.4,12.5,86.9
"445","Mount Morris village                                                                  ",3102,23.6,58.4,17.9,80.2
"446","Mount Sinai CDP                                                                       ",8023,31.2,60.5,8.4,94.8
"447","Mount Vernon city                                                                     ",67153,23.2,62,14.9,77.7
"448","Munsey Park village                                                                   ",2692,27.9,59.7,12.4,89
"449","Munsons Corners CDP                                                                   ",2436,22.6,63.2,14.2,84.9
"450","Muttontown village                                                                    ",3024,26.4,64.1,9.6,93.3
"451","Myers Corner CDP                                                                      ",5599,28.3,65.4,6.3,97.8
"452","Nanuet CDP                                                                            ",14065,22.7,63.2,14.1,84
"453","Napanoch CDP                                                                          ",1068,23.2,60.4,16.4,91.6
"454","Naples village                                                                        ",1237,27.2,56.3,16.5,81.5
"455","Nassau village                                                                        ",1254,26.1,59.4,14.5,91.9
"456","Nesconset CDP                                                                         ",10712,26.6,65.8,7.6,92.7
"457","Newark village                                                                        ",9849,25.4,57.9,16.7,82.4
"458","Newark Valley village                                                                 ",1082,28.7,56.5,14.9,91.6
"459","New Berlin village                                                                    ",1220,21.6,52.4,26.1,69.7
"460","Newburgh city                                                                         ",26454,30.5,58.8,10.7,81.4
"461","New Cassel CDP                                                                        ",10257,26.5,65,8.5,92.5
"462","New City CDP                                                                          ",33673,25.2,67.7,7.1,95.7
"463","Newfane CDP                                                                           ",3001,25,56.3,18.7,84.4
"464","New Hartford village                                                                  ",2111,23.7,55.1,21.2,74.5
"465","New Hempstead village                                                                 ",4200,24,63.3,12.8,85.7
"466","New Hyde Park village                                                                 ",9728,19.4,60.8,19.7,91.1
"467","New Paltz village                                                                     ",5463,9.3,84.7,6,75.8
"468","New Rochelle city                                                                     ",67265,20.3,62.4,17.3,83.9
"469","New Square village                                                                    ",2605,60.7,35.5,3.8,97.9
"470","New Windsor CDP                                                                       ",8898,24.6,60.6,14.8,89.3
"471","New York city                                                                         ",7322564,23,63.9,13,84.5
"472","New York Mills village                                                                ",3534,17.4,56.4,26.2,74.4
"473","Niagara Falls city                                                                    ",61840,23.9,57,19.2,82.1
"474","Niskayuna CDP                                                                         ",4942,24.2,58.3,17.5,87.3
"475","Nissequogue village                                                                   ",1620,21.2,70.2,8.5,104.5
"476","Niverville CDP                                                                        ",1809,28.5,61.1,10.4,95.8
"477","Norfolk CDP                                                                           ",1412,26.2,60.6,13.2,88.1
"478","North Amityville CDP                                                                  ",13849,27.7,61.4,11,78.4
"479","North Babylon CDP                                                                     ",18081,21.8,66.8,11.5,93.2
"480","North Ballston Spa CDP                                                                ",1362,25.8,63.4,10.7,103.2
"481","North Bay Shore CDP                                                                   ",12799,27.1,67.2,5.8,98.2
"482","North Bellmore CDP                                                                    ",19707,22.6,64.3,13.1,93
"483","North Bellport CDP                                                                    ",8182,38,56.6,5.4,90
"484","North Boston CDP                                                                      ",2581,23.7,65.7,10.5,96.1
"485","North Collins village                                                                 ",1335,29.6,58.8,11.6,81.1
"486","Northeast Ithaca CDP                                                                  ",2533,26.5,63.6,9.9,93.2
"487","North Great River CDP                                                                 ",3964,26.8,67.1,6.2,95.9
"488","North Hills village                                                                   ",3453,15.1,67.1,17.8,93
"489","North Lindenhurst CDP                                                                 ",10563,23.2,66.8,9.9,95.2
"490","North Massapequa CDP                                                                  ",19365,21,65.9,13.1,93.4
"491","North Merrick CDP                                                                     ",12113,23,63.3,13.7,90.9
"492","North New Hyde Park CDP                                                               ",14359,18.9,59.9,21.1,88.9
"493","North Patchogue CDP                                                                   ",7374,25.8,64.8,9.3,95.1
"494","Northport village                                                                     ",7572,21.5,67,11.5,91.2
"495","North Sea CDP                                                                         ",2530,19.5,61.5,19.1,91.4
"496","North Syracuse village                                                                ",7363,22.6,62.7,14.7,91.3
"497","North Tarrytown village                                                               ",8152,21.8,65.8,12.5,93.2
"498","North Tonawanda city                                                                  ",34989,24.9,60.6,14.5,88.2
"499","North Valley Stream CDP                                                               ",14574,22,61.1,16.9,88.3
"500","Northville village                                                                    ",1180,25.8,57.5,16.8,83.3
"501","North Wantagh CDP                                                                     ",12276,21.3,64.2,14.5,92
"502","Northwest Harbor CDP                                                                  ",2167,24.5,62.9,12.6,98.8
"503","Northwest Ithaca CDP                                                                  ",1144,13.7,52.8,33.5,72.3
"504","Norwich city                                                                          ",7613,25.2,54.5,20.3,73.7
"505","Norwood village                                                                       ",1841,28.8,57.8,13.3,88.2
"506","Noyack CDP                                                                            ",2059,17.6,56.8,25.6,88.1
"507","Nunda village                                                                         ",1347,28.3,56.4,15.3,81.9
"508","Nyack village                                                                         ",6558,19.2,67.2,13.6,82.8
"509","Oakdale CDP                                                                           ",7875,22.3,68.7,9,92.5
"510","Oakfield village                                                                      ",1818,28.3,58,13.6,84.8
"511","Oceanside CDP                                                                         ",32423,22.1,65,12.9,91.6
"512","Ogdensburg city                                                                       ",13521,23.3,62.1,14.6,117.5
"513","Olcott CDP                                                                            ",1432,25.1,60.5,14.5,105.2
"514","Old Bethpage CDP                                                                      ",5610,21.4,66.6,12,98.2
"515","Old Brookville village                                                                ",1823,20.8,64.3,14.9,95.9
"516","Old Westbury village                                                                  ",3897,19.3,71.3,9.4,84.4
"517","Olean city                                                                            ",16946,26.3,56.1,17.6,79.6
"518","Oneida city                                                                           ",10850,25.7,58.1,16.2,81.2
"519","Oneonta city                                                                          ",13954,12.6,74.8,12.6,72.6
"520","Orangeburg CDP                                                                        ",3583,17.2,63.4,19.4,79.6
"521","Orange Lake CDP                                                                       ",5196,24.1,63.5,12.3,90
"522","Orchard Park village                                                                  ",3280,19.8,59.3,20.9,86
"523","Oriskany village                                                                      ",1450,25.4,56,18.6,72.8
"524","Ossining village                                                                      ",22582,19,69.4,11.6,113.7
"525","Oswego city                                                                           ",19195,22.5,60.6,16.8,84.6
"526","Otego village                                                                         ",1068,26.9,57.9,15.3,81.2
"527","Otisville village                                                                     ",1078,32.6,56.1,11.3,88.8
"528","Owego village                                                                         ",4442,26.2,58.3,15.4,83.4
"529","Oxford village                                                                        ",1738,28.4,55.9,15.7,88.2
"530","Oyster Bay CDP                                                                        ",6687,18.9,66.3,14.8,92.2
"531","Oyster Bay Cove village                                                               ",2109,26.9,64,9.2,89
"532","Painted Post village                                                                  ",1950,22.7,55.2,22.1,76.5
"533","Palmyra village                                                                       ",3566,25.9,58.2,16,85.5
"534","Patchogue village                                                                     ",11060,21.5,64.6,13.9,93.8
"535","Pawling village                                                                       ",1974,22.4,56.6,21,78.8
"536","Peach Lake CDP                                                                        ",1499,25.4,59.9,14.7,90
"537","Pearl River CDP                                                                       ",15314,21.3,65.4,13.2,90.9
"538","Peconic CDP                                                                           ",1100,23.5,58,18.5,89.6
"539","Peekskill city                                                                        ",19536,23,64,13,87
"540","Pelham village                                                                        ",6413,22.1,64.2,13.7,85.7
"541","Pelham Manor village                                                                  ",5443,22.4,63.6,14,92.5
"542","Penn Yan village                                                                      ",5248,24.1,56,19.9,79.8
"543","Perry village                                                                         ",4219,27.7,57,15.4,84.2
"544","Peru CDP                                                                              ",1565,27.5,60.1,12.4,91.9
"545","Phelps village                                                                        ",1978,26.3,58.4,15.3,87.9
"546","Philadelphia village                                                                  ",1478,36.1,55.7,8.3,88.2
"547","Philmont village                                                                      ",1623,26.7,55.2,18.1,78.5
"548","Phoenix village                                                                       ",2435,27.6,59.3,13.1,84.5
"549","Piermont village                                                                      ",2163,17.3,71.8,10.9,103.5
"550","Pine Bush CDP                                                                         ",1445,26,60,14,84.3
"551","Pine Plains CDP                                                                       ",1312,25.6,58.8,15.5,87.7
"552","Pine Valley village                                                                   ",1486,17.1,77.9,5,178.1
"553","Pittsford village                                                                     ",1488,20.6,63.1,16.3,90.5
"554","Plainedge CDP                                                                         ",8739,21.2,64.6,14.1,93.3
"555","Plainview CDP                                                                         ",26207,22.9,63.9,13.2,92.4
"556","Plandome village                                                                      ",1347,27.9,61.7,10.4,95.8
"557","Plattsburgh city                                                                      ",21255,18.3,68.6,13.1,80.2
"558","Plattsburgh AFB CDP                                                                   ",5483,34.4,65.4,0.1,152.5
"559","Plattsburgh West CDP                                                                  ",1274,29.2,65.7,5.1,102.2
"560","Pleasant Valley CDP                                                                   ",1688,23,66,11,94.9
"561","Pleasantville village                                                                 ",6592,22.4,64.9,12.7,87.1
"562","Poestenkill CDP                                                                       ",1000,23.2,64.4,12.4,100.5
"563","Pomona village                                                                        ",2611,27.7,67.6,4.7,96.5
"564","Port Byron village                                                                    ",1359,28.9,58.9,12.1,89
"565","Port Chester village                                                                  ",24728,20,64.9,15.1,92.7
"566","Port Dickinson village                                                                ",1785,22.6,58.2,19.2,77.5
"567","Port Ewen CDP                                                                         ",3444,24.3,63.6,12.1,95.1
"568","Port Henry village                                                                    ",1263,23.4,56,20.7,81.3
"569","Port Jefferson village                                                                ",7455,21.5,64.7,13.8,90
"570","Port Jefferson Station CDP                                                            ",7232,22.7,65.8,11.5,91.9
"571","Port Jervis city                                                                      ",9060,27.1,57.3,15.6,85.3
"572","Portville village                                                                     ",1040,29.6,55.6,14.8,83
"573","Port Washington CDP                                                                   ",15387,21.9,63.8,14.3,89.1
"574","Port Washington North village                                                         ",2736,19.7,69.7,10.6,94.6
"575","Potsdam village                                                                       ",10251,10.8,80.7,8.5,116.5
"576","Poughkeepsie city                                                                     ",28844,23.3,60.8,15.8,85.1
"577","Pulaski village                                                                       ",2525,26.3,56.4,17.3,78.4
"578","Putnam Lake CDP                                                                       ",3459,29.4,60.3,10.3,97.3
"579","Randolph village                                                                      ",1298,26,53.2,20.8,86.8
"580","Ransomville CDP                                                                       ",1542,27.2,56.7,16.1,96.8
"581","Rapids CDP                                                                            ",1152,26.3,64.6,9.1,95.6
"582","Ravena village                                                                        ",3547,25.1,60.4,14.5,86.6
"583","Red Hook village                                                                      ",1794,23.2,59.6,17.2,83.5
"584","Red Oaks Mill CDP                                                                     ",4906,26.1,65.7,8.3,100.1
"585","Remsenburg-Speonk CDP                                                                 ",1851,21.6,63.2,15.2,96
"586","Rensselaer city                                                                       ",8255,23.7,60.6,15.7,82.6
"587","Rhinebeck village                                                                     ",2725,18.7,55.9,25.4,78.2
"588","Richfield Springs village                                                             ",1565,28.9,53,18,81.1
"589","Ridge CDP                                                                             ",11734,23.3,44.8,31.9,75.9
"590","Ripley CDP                                                                            ",1189,31.2,54.9,13.9,90.7
"591","Riverhead CDP                                                                         ",8814,23.2,56.1,20.7,78.7
"592","Riverside CDP                                                                         ",1300,15.4,44.5,40.1,68.5
"593","Rochester city                                                                        ",231636,26,61.9,12.1,84.7
"594","Rockville Centre village                                                              ",24727,23.4,59.1,17.5,81.7
"595","Rocky Point CDP                                                                       ",8596,27.3,60.3,12.5,90
"596","Roessleville CDP                                                                      ",10753,18.5,60.8,20.6,85.4
"597","Rome city                                                                             ",44350,24.5,61.8,13.7,108.6
"598","Ronkonkoma CDP                                                                        ",20391,26.7,66.5,6.8,94.2
"599","Roosevelt CDP                                                                         ",15030,28.7,64.6,6.7,83.2
"600","Rosendale Village CDP                                                                 ",1284,24.5,64.1,11.4,96.6
"601","Roslyn village                                                                        ",1965,16.4,68.3,15.3,89.1
"602","Roslyn Estates village                                                                ",1184,22.3,64,13.7,85.5
"603","Roslyn Harbor village                                                                 ",1114,21.1,63.6,15.4,97.1
"604","Roslyn Heights CDP                                                                    ",6405,22,58.7,19.3,86.4
"605","Rotterdam CDP                                                                         ",21228,20.7,60.4,18.9,86.9
"606","Rouses Point village                                                                  ",2377,25.4,59.5,15.1,91.3
"607","Russell Gardens village                                                               ",1027,20.7,60.6,18.7,83.7
"608","Rye city                                                                              ",14936,23.3,62.4,14.2,86.1
"609","Rye Brook village                                                                     ",7765,21.6,62.7,15.7,83.9
"610","Sackets Harbor village                                                                ",1313,24.8,64.2,11,98.2
"611","Sag Harbor village                                                                    ",2134,16.5,59.8,23.7,85.1
"612","St. Bonaventure CDP                                                                   ",2397,4.5,86.2,9.3,89
"613","St. James CDP                                                                         ",12703,22.2,60.3,17.5,81.2
"614","St. Johnsville village                                                                ",1825,24.2,50.4,25.5,80.2
"615","Salamanca city                                                                        ",6566,25.7,55.3,19,83.1
"616","Salisbury CDP                                                                         ",12226,22.5,63,14.5,90.3
"617","Sand Ridge CDP                                                                        ",1312,29.7,63.9,6.3,95.3
"618","Sands Point village                                                                   ",2477,19.8,66.5,13.7,92.5
"619","Saranac Lake village                                                                  ",5377,23.3,60.3,16.3,85.1
"620","Saratoga Springs city                                                                 ",25001,20.4,65.8,13.8,87.6
"621","Saugerties village                                                                    ",3915,22.3,60.4,17.3,82
"622","Saugerties South CDP                                                                  ",2346,25.6,63.3,11,88
"623","Sayville CDP                                                                          ",16550,24.8,64.3,10.9,91.5
"624","Scarsdale village                                                                     ",16987,28.3,60.1,11.6,88.8
"625","Schenectady city                                                                      ",65566,22.1,60.8,17.1,84.8
"626","Schoharie village                                                                     ",1045,22.3,56.5,21.2,83.3
"627","Schuylerville village                                                                 ",1364,26.5,57,16.4,88
"628","Scotchtown CDP                                                                        ",8765,30.4,63.3,6.4,94.9
"629","Scotia village                                                                        ",7359,25.2,58.7,16,80.5
"630","Scottsville village                                                                   ",1912,26,62.8,11.2,86.2
"631","Sea Cliff village                                                                     ",5054,19.1,65.4,15.5,93.2
"632","Seaford CDP                                                                           ",15597,22.6,65.3,12.1,93.9
"633","Searingtown CDP                                                                       ",5020,24.6,62.1,13.3,92.9
"634","Selden CDP                                                                            ",20608,27.5,65,7.5,92.3
"635","Seneca Falls village                                                                  ",7370,25.3,57.9,16.7,83.8
"636","Setauket-East Setauket CDP                                                            ",13634,25.7,66.7,7.6,95.2
"637","Shelter Island CDP                                                                    ",1193,19.5,57.7,22.8,90.9
"638","Shelter Island Heights CDP                                                            ",1042,13.5,51,35.5,87.3
"639","Sherburne village                                                                     ",1531,23.9,56.5,19.6,76.2
"640","Sherrill city                                                                         ",2864,26.1,56.3,17.6,84.3
"641","Shinnecock Hills CDP                                                                  ",2847,13.6,69.1,17.4,95.2
"642","Shirley CDP                                                                           ",22936,33.7,59.7,6.6,95.4
"643","Shortsville village                                                                   ",1485,26.7,60.2,13.1,93.8
"644","Sidney village                                                                        ",4720,27,54.6,18.4,82.1
"645","Silver Creek village                                                                  ",2927,26.4,56.6,17,80.7
"646","Skaneateles village                                                                   ",2724,23.1,57.4,19.5,81
"647","Sloan village                                                                         ",3830,17.3,59.2,23.5,85.2
"648","Sloatsburg village                                                                    ",3035,25,65.2,9.7,96.3
"649","Smithtown CDP                                                                         ",25638,22.2,67.2,10.6,92.2
"650","Sodus village                                                                         ",1904,30,56.4,13.6,82.7
"651","Sodus Point village                                                                   ",1190,25.3,61.9,12.8,94.5
"652","Solvay village                                                                        ",6717,20.2,58.8,21,80.7
"653","Sound Beach CDP                                                                       ",9102,28.1,62.8,9.1,92.7
"654","Southampton village                                                                   ",3980,17.5,59.1,23.4,83.2
"655","Southampton CDP                                                                       ",1302,19.7,63.6,16.7,99.4
"656","South Corning village                                                                 ",1025,22.4,59.8,17.8,87.1
"657","South Fallsburg CDP                                                                   ",2115,28.7,59.5,11.8,104.3
"658","South Farmingdale CDP                                                                 ",15377,20.5,66.7,12.7,96.4
"659","South Floral Park village                                                             ",1478,24.2,65.8,10,98.8
"660","South Glens Falls village                                                             ",3506,22.6,58.9,18.5,83.8
"661","South Hempstead CDP                                                                   ",3014,23.8,60.9,15.3,91.9
"662","South Hill CDP                                                                        ",5423,6.2,90.4,3.4,79
"663","South Huntington CDP                                                                  ",9624,20,65.3,14.7,89.8
"664","South Lockport CDP                                                                    ",7112,27.3,62.4,10.3,86.2
"665","South Nyack village                                                                   ",3352,18.5,70.7,10.8,85.4
"666","Southold CDP                                                                          ",5192,16.9,53.5,29.6,87.9
"667","Southport CDP                                                                         ",7753,23.3,58.3,18.4,83.1
"668","South Valley Stream CDP                                                               ",5328,20.8,58.9,20.3,88.1
"669","Spackenkill CDP                                                                       ",4660,25.1,64.9,10,97.4
"670","Spencerport village                                                                   ",3606,25.5,62.8,11.7,87.4
"671","Springs CDP                                                                           ",4355,21.4,63.6,14.9,95.3
"672","Spring Valley village                                                                 ",21802,29.1,62,8.9,86.9
"673","Springville village                                                                   ",4310,25.5,55.9,18.6,82.3
"674","Stamford village                                                                      ",1211,27.2,54,18.8,83.8
"675","Stannards CDP                                                                         ",1028,29,58.6,12.5,92.1
"676","Star Lake CDP                                                                         ",1092,29.7,58.5,11.8,96.4
"677","Stewart Manor village                                                                 ",2002,23.6,62,14.4,84.7
"678","Stillwater village                                                                    ",1531,27,59.5,13.5,86.6
"679","Stony Brook CDP                                                                       ",13726,24.6,64.5,10.9,92.6
"680","Stony Point CDP                                                                       ",10587,23.3,65.8,10.8,92.1
"681","Stottville CDP                                                                        ",1369,24,58.4,17.6,87.1
"682","Suffern village                                                                       ",11055,19.8,67.4,12.8,86.6
"683","Sylvan Beach village                                                                  ",1119,28.4,59.3,12.2,99.3
"684","Syosset CDP                                                                           ",18967,23.1,64.4,12.5,90.8
"685","Syracuse city                                                                         ",163860,22.6,62.5,14.9,83.3
"686","Tappan CDP                                                                            ",6867,22.1,68.5,9.4,95.6
"687","Tarrytown village                                                                     ",10739,16.9,68.2,14.9,76.8
"688","Terryville CDP                                                                        ",10275,27.7,67,5.3,98
"689","Thiells CDP                                                                           ",5204,27,67.7,5.3,97.6
"690","Thomaston village                                                                     ",2612,19.5,62.7,17.8,86.8
"691","Thornwood CDP                                                                         ",7025,26,62,12,90.3
"692","Ticonderoga village                                                                   ",2770,27,57.5,15.5,89.9
"693","Tillson CDP                                                                           ",1688,27.7,60.9,11.4,94.4
"694","Tivoli village                                                                        ",1035,24.3,64.3,11.3,98.7
"695","Tonawanda city                                                                        ",17284,23.9,61.6,14.5,89.5
"696","Tonawanda CDP                                                                         ",65284,20.1,59.9,20,85.1
"697","Town Line CDP                                                                         ",2721,26.8,64,9.2,97.9
"698","Tribes Hill CDP                                                                       ",1060,23.6,60.7,15.8,90.1
"699","Troy city                                                                             ",54269,21.3,64.7,14,95.6
"700","Trumansburg village                                                                   ",1611,29.1,57.6,13.3,81.6
"701","Tuckahoe village                                                                      ",6302,21.2,64.8,14,84.6
"702","Tupper Lake village                                                                   ",4087,25.9,57.4,16.7,82.9
"703","Unadilla village                                                                      ",1265,26.5,54.2,19.3,82.4
"704","Uniondale CDP                                                                         ",20328,23.2,61.3,15.4,80.7
"705","Union Springs village                                                                 ",1142,26.3,58.6,15.1,88.4
"706","University Gardens CDP                                                                ",4419,20.5,65.6,14,88.5
"707","Upper Brookville village                                                              ",1453,23.6,64.9,11.5,91.4
"708","Upper Nyack village                                                                   ",2084,25.4,61.3,13.2,89.3
"709","Utica city                                                                            ",68637,22.3,58.3,19.4,83.4
"710","Vails Gate CDP                                                                        ",3014,20,64.1,15.9,84.3
"711","Valatie village                                                                       ",1487,22.1,53.7,24.3,79.1
"712","Valley Cottage CDP                                                                    ",9007,22.8,64.4,12.8,85.9
"713","Valley Stream village                                                                 ",33946,21.1,61.8,17.1,87.2
"714","Vernon village                                                                        ",1274,25.4,62.5,12.2,87.6
"715","Victor village                                                                        ",2308,27.2,64.6,8.2,92.9
"716","Village Green CDP                                                                     ",4198,20.5,71.4,8.1,91.8
"717","Village of the Branch village                                                         ",1669,26.1,62.8,11.1,93.4
"718","Viola CDP                                                                             ",4504,33.5,55.6,11,89.7
"719","Voorheesville village                                                                 ",3225,27.2,63.2,9.6,91.4
"720","Wading River CDP                                                                      ",5317,27.6,60.6,11.8,97
"721","Walden village                                                                        ",5836,28.6,59.3,12,86.9
"722","Wallkill CDP                                                                          ",2125,27.7,61.3,11,91.5
"723","Walton village                                                                        ",3326,26.8,55.5,17.7,81
"724","Wantagh CDP                                                                           ",18567,22.8,65.4,11.8,94
"725","Wappingers Falls village                                                              ",4605,22.6,62.2,15.3,90
"726","Warrensburg CDP                                                                       ",3204,25,59.2,15.8,85.8
"727","Warsaw village                                                                        ",3830,25.2,53.4,21.4,75.7
"728","Warwick village                                                                       ",5984,26.7,59.3,14,81.6
"729","Washington Heights CDP                                                                ",1159,22.4,61.9,15.7,87.3
"730","Washingtonville village                                                               ",4906,31.5,61.2,7.3,93.2
"731","Waterford village                                                                     ",2370,24.3,58.4,17.3,86
"732","Waterloo village                                                                      ",5116,25.3,57.6,17.1,86.5
"733","Watermill CDP                                                                         ",1893,21.8,63,15.2,95
"734","Watertown city                                                                        ",29429,26.8,58.3,14.9,82
"735","Waterville village                                                                    ",1664,27.5,53.7,18.8,69.9
"736","Watervliet city                                                                       ",11061,22.7,60.2,17.1,77.5
"737","Watkins Glen village                                                                  ",2207,22.2,57.6,20.2,81.7
"738","Waverly village                                                                       ",4787,24.5,55.7,19.8,78.9
"739","Wayland village                                                                       ",1976,28.4,57,14.6,90.7
"740","Webster village                                                                       ",5464,25.6,62.3,12.1,80.8
"741","Weedsport village                                                                     ",1996,26.1,58.9,15.1,89.5
"742","Wellsville village                                                                    ",5241,24.1,56.3,19.6,85.6
"743","Wesley Hills village                                                                  ",4305,26.7,66.8,6.5,93.3
"744","West Babylon CDP                                                                      ",42410,23.4,65.6,11,89.8
"745","West Bay Shore CDP                                                                    ",4907,21.3,66.7,12.1,93.4
"746","Westbury village                                                                      ",13060,20.5,64.4,15.2,92.2
"747","West Carthage village                                                                 ",2166,29.1,56.7,14.1,88.6
"748","West Elmira CDP                                                                       ",5218,24.3,53.7,22,80.8
"749","West End CDP                                                                          ",1825,20.5,58,21.5,87.5
"750","Westfield village                                                                     ",3451,26.4,54.5,19,79.4
"751","West Glens Falls CDP                                                                  ",5964,26.9,61.3,11.8,89.7
"752","Westhampton CDP                                                                       ",2129,24.6,63.6,11.8,89.9
"753","Westhampton Beach village                                                             ",1571,16.2,62.4,21.5,91.7
"754","West Haverstraw village                                                               ",9183,24.4,63.3,12.3,85.6
"755","West Hempstead CDP                                                                    ",17689,22.8,61.5,15.7,90.4
"756","West Hills CDP                                                                        ",5849,23.2,65.9,10.9,95.3
"757","West Hurley CDP                                                                       ",2252,22.7,64.8,12.5,91.4
"758","West Islip CDP                                                                        ",28419,24.4,65.4,10.2,92.5
"759","Westmere CDP                                                                          ",6750,18.8,65.8,15.4,88.7
"760","West Nyack CDP                                                                        ",3437,24.7,66.7,8.5,95.4
"761","Weston Mills CDP                                                                      ",1750,24.7,60.8,14.5,92
"762","West Point CDP                                                                        ",8024,18.3,81.5,0.2,332.9
"763","West Sand Lake CDP                                                                    ",2251,26.8,64.1,9.1,94.5
"764","West Sayville CDP                                                                     ",4680,26.2,62.5,11.3,91
"765","West Seneca CDP                                                                       ",47866,22,63.1,14.9,90.2
"766","Westvale CDP                                                                          ",5952,21.1,50.1,28.8,79.6
"767","Wheatley Heights CDP                                                                  ",5027,27.5,66.1,6.4,91.1
"768","Whitehall village                                                                     ",3071,27,56.1,16.9,88.2
"769","White Plains city                                                                     ",48718,18.4,66,15.5,83.3
"770","Whitesboro village                                                                    ",4195,23.3,58.7,18,80.4
"771","Whitney Point village                                                                 ",1054,31,55.6,13.4,88.3
"772","Williamsville village                                                                 ",5583,18,54.1,27.9,68.8
"773","Williston Park village                                                                ",7516,21.8,62.5,15.7,89
"774","Wilson village                                                                        ",1307,23.9,59.2,16.8,89.3
"775","Windsor village                                                                       ",1051,30.4,57.4,12.2,85.1
"776","Wolcott village                                                                       ",1544,27.1,57.1,15.8,82.3
"777","Woodbury CDP                                                                          ",8008,21.7,59.7,18.6,77.3
"778","Woodmere CDP                                                                          ",15578,22.5,62.6,14.9,91
"779","Woodsburgh village                                                                    ",1190,27.1,59.2,13.6,82.9
"780","Woodstock CDP                                                                         ",1870,19.5,64,16.5,80.5
"781","Wurtsboro village                                                                     ",1048,29.5,59.9,10.6,85.7
"782","Wyandanch CDP                                                                         ",8950,35.3,58.6,6.1,79.5
"783","Wyantskill CDP                                                                        ",3329,21.9,59.4,18.7,88.9
"784","Yaphank CDP                                                                           ",4637,21.1,67.5,11.4,131.4
"785","Yonkers city                                                                          ",188082,21.5,62,16.4,83.4
"786","Yorkshire CDP                                                                         ",1340,25.7,62.2,12,87.7
"787","Yorktown Heights CDP                                                                  ",7690,25.5,64.7,9.8,93.8
"788","Yorkville village                                                                     ",2972,21.5,57.1,21.4,85.3
"789","Youngstown village                                                                    ",2075,26.2,58.9,14.9,88.9
"790","Zena CDP                                                                              ",1177,26.4,66.4,7.1,92.9
